Name,Math,Science,English,Total,Percentage,Grade
Aman,85,90,80,255,85.0,A
Rahul,70,75,68,213,71.0,B
Priya,95,88,92,275,91.66666666666666,A+
Neha,60,65,70,195,65.0,C
Karan,78,82,85,245,81.66666666666667,A
